,county_name,county_fips,year,party,candidatevotes,totalvotes
0,ALACHUA,12001.0,2000,DEMOCRAT,47365.0,85729
1,BAKER,12003.0,2000,REPUBLICAN,5610.0,8154
2,BAY,12005.0,2000,REPUBLICAN,38637.0,58805
3,BRADFORD,12007.0,2000,REPUBLICAN,5414.0,8673
4,BREVARD,12009.0,2000,REPUBLICAN,115185.0,218395
5,BROWARD,12011.0,2000,DEMOCRAT,387703.0,575143
6,CALHOUN,12013.0,2000,REPUBLICAN,2873.0,5174
7,CHARLOTTE,12015.0,2000,REPUBLICAN,35426.0,66896
8,CITRUS,12017.0,2000,REPUBLICAN,29767.0,57206
9,CLAY,12019.0,2000,REPUBLICAN,41736.0,57353
10,COLLIER,12021.0,2000,REPUBLICAN,60450.0,92162
11,COLUMBIA,12023.0,2000,REPUBLICAN,10964.0,18508
12,DESOTO,12027.0,2000,REPUBLICAN,4256.0,7817
13,DIXIE,12029.0,2000,REPUBLICAN,2697.0,4666
14,DUVAL,12031.0,2000,REPUBLICAN,152098.0,264636
15,ESCAMBIA,12033.0,2000,REPUBLICAN,73017.0,116648
16,FLAGLER,12035.0,2000,DEMOCRAT,13897.0,27111
17,FRANKLIN,12037.0,2000,REPUBLICAN,2454.0,4644
18,GADSDEN,12039.0,2000,DEMOCRAT,9735.0,14727
19,GILCHRIST,12041.0,2000,REPUBLICAN,3300.0,5395
20,GLADES,12043.0,2000,REPUBLICAN,1841.0,3365
21,GULF,12045.0,2000,REPUBLICAN,3550.0,6144
22,HAMILTON,12047.0,2000,REPUBLICAN,2146.0,3964
23,HARDEE,12049.0,2000,REPUBLICAN,3765.0,6233
24,HENDRY,12051.0,2000,REPUBLICAN,4747.0,8139
25,HERNANDO,12053.0,2000,DEMOCRAT,32644.0,65219
26,HIGHLANDS,12055.0,2000,REPUBLICAN,20206.0,35149
27,HILLSBOROUGH,12057.0,2000,REPUBLICAN,180760.0,360295
28,HOLMES,12059.0,2000,REPUBLICAN,5011.0,7395
29,INDIAN RIVER,12061.0,2000,REPUBLICAN,28635.0,49622
30,JACKSON,12063.0,2000,REPUBLICAN,9138.0,16300
31,JEFFERSON,12065.0,2000,DEMOCRAT,3041.0,5644
32,LAFAYETTE,12067.0,2000,REPUBLICAN,1670.0,2505
33,LAKE,12069.0,2000,REPUBLICAN,50010.0,88611
34,LEE,12071.0,2000,REPUBLICAN,106141.0,184377
35,LEON,12073.0,2000,DEMOCRAT,61427.0,103124
36,LEVY,12075.0,2000,REPUBLICAN,6858.0,12724
37,LIBERTY,12077.0,2000,REPUBLICAN,1317.0,2410
38,MADISON,12079.0,2000,REPUBLICAN,3038.0,6162
39,MANATEE,12081.0,2000,REPUBLICAN,57952.0,110221
40,MARION,12083.0,2000,REPUBLICAN,55141.0,102956
41,MARTIN,12085.0,2000,REPUBLICAN,33970.0,62013
42,MIAMI-DADE,12086.0,2000,DEMOCRAT,328808.0,625449
43,MONROE,12087.0,2000,DEMOCRAT,16483.0,33896
44,NASSAU,12089.0,2000,REPUBLICAN,16404.0,23780
45,OKALOOSA,12091.0,2000,REPUBLICAN,52093.0,70680
46,OKEECHOBEE,12093.0,2000,REPUBLICAN,5057.0,9853
47,ORANGE,12095.0,2000,DEMOCRAT,140220.0,280125
48,OSCEOLA,12097.0,2000,DEMOCRAT,28181.0,55659
49,PALM BEACH,12099.0,2000,DEMOCRAT,269732.0,433186
50,PASCO,12101.0,2000,DEMOCRAT,69564.0,142731
51,PINELLAS,12103.0,2000,DEMOCRAT,200630.0,398472
52,POLK,12105.0,2000,REPUBLICAN,90295.0,168607
53,PUTNAM,12107.0,2000,REPUBLICAN,13447.0,26222
54,ST. JOHNS,12109.0,2000,REPUBLICAN,39546.0,60746
55,ST. LUCIE,12111.0,2000,DEMOCRAT,41559.0,77989
56,SANTA ROSA,12113.0,2000,REPUBLICAN,36274.0,50319
57,SARASOTA,12115.0,2000,REPUBLICAN,83100.0,160942
58,SEMINOLE,12117.0,2000,REPUBLICAN,75677.0,137634
59,SUMTER,12119.0,2000,REPUBLICAN,12127.0,22261
60,SUWANNEE,12121.0,2000,REPUBLICAN,8006.0,12473
61,TAYLOR,12123.0,2000,REPUBLICAN,4056.0,6808
62,UNION,12125.0,2000,REPUBLICAN,2332.0,3826
63,VOLUSIA,12127.0,2000,DEMOCRAT,97304.0,183654
64,WAKULLA,12129.0,2000,REPUBLICAN,4512.0,8587
65,WALTON,12131.0,2000,REPUBLICAN,12182.0,18318
66,WASHINGTON,12133.0,2000,REPUBLICAN,4994.0,8029
67,ALACHUA,12001.0,2004,DEMOCRAT,62504.0,111328
68,BAKER,12003.0,2004,REPUBLICAN,7738.0,9955
69,BAY,12005.0,2004,REPUBLICAN,53404.0,75024
70,BRADFORD,12007.0,2004,REPUBLICAN,7557.0,10855
71,BREVARD,12009.0,2004,REPUBLICAN,153068.0,265462
72,BROWARD,12011.0,2004,DEMOCRAT,453873.0,706872
73,CALHOUN,12013.0,2004,REPUBLICAN,3782.0,5963
74,CHARLOTTE,12015.0,2004,REPUBLICAN,44428.0,79786
75,CITRUS,12017.0,2004,REPUBLICAN,39500.0,69467
76,CLAY,12019.0,2004,REPUBLICAN,62078.0,81495
77,COLLIER,12021.0,2004,REPUBLICAN,83631.0,128683
78,COLUMBIA,12023.0,2004,REPUBLICAN,16758.0,24991
79,DESOTO,12027.0,2004,REPUBLICAN,5524.0,9510
80,DIXIE,12029.0,2004,REPUBLICAN,4434.0,6442
81,DUVAL,12031.0,2004,REPUBLICAN,220190.0,381061
82,ESCAMBIA,12033.0,2004,REPUBLICAN,93566.0,143278
83,FLAGLER,12035.0,2004,REPUBLICAN,19633.0,38480
84,FRANKLIN,12037.0,2004,REPUBLICAN,3472.0,5931
85,GADSDEN,12039.0,2004,DEMOCRAT,14629.0,20984
86,GILCHRIST,12041.0,2004,REPUBLICAN,4936.0,7015
87,GLADES,12043.0,2004,REPUBLICAN,2443.0,4188
88,GULF,12045.0,2004,REPUBLICAN,4805.0,7277
89,HAMILTON,12047.0,2004,REPUBLICAN,2792.0,5079
90,HARDEE,12049.0,2004,REPUBLICAN,5049.0,7249
91,HENDRY,12051.0,2004,REPUBLICAN,5757.0,9775
92,HERNANDO,12053.0,2004,REPUBLICAN,42635.0,80547
93,HIGHLANDS,12055.0,2004,REPUBLICAN,25878.0,41496
94,HILLSBOROUGH,12057.0,2004,REPUBLICAN,245576.0,463222
95,HOLMES,12059.0,2004,REPUBLICAN,6412.0,8300
96,INDIAN RIVER,12061.0,2004,REPUBLICAN,36938.0,61414
97,JACKSON,12063.0,2004,REPUBLICAN,12122.0,19807
98,JEFFERSON,12065.0,2004,DEMOCRAT,4135.0,7478
99,LAFAYETTE,12067.0,2004,REPUBLICAN,2460.0,3325
100,LAKE,12069.0,2004,REPUBLICAN,74389.0,123950
101,LEE,12071.0,2004,REPUBLICAN,144176.0,240667
102,LEON,12073.0,2004,DEMOCRAT,83873.0,136379
103,LEVY,12075.0,2004,REPUBLICAN,10410.0,16652
104,LIBERTY,12077.0,2004,REPUBLICAN,1927.0,3021
105,MADISON,12079.0,2004,REPUBLICAN,4191.0,8304
106,MANATEE,12081.0,2004,REPUBLICAN,81318.0,143621
107,MARION,12083.0,2004,REPUBLICAN,81283.0,139677
108,MARTIN,12085.0,2004,REPUBLICAN,41362.0,72453
109,MIAMI-DADE,12086.0,2004,DEMOCRAT,409732.0,774726
110,MONROE,12087.0,2004,DEMOCRAT,19654.0,39535
111,NASSAU,12089.0,2004,REPUBLICAN,23783.0,32743
112,OKALOOSA,12091.0,2004,REPUBLICAN,69693.0,89756
113,OKEECHOBEE,12093.0,2004,REPUBLICAN,6978.0,12190
114,ORANGE,12095.0,2004,DEMOCRAT,193354.0,388044
115,OSCEOLA,12097.0,2004,REPUBLICAN,43117.0,82204
116,PALM BEACH,12099.0,2004,DEMOCRAT,328687.0,544622
117,PASCO,12101.0,2004,REPUBLICAN,103230.0,190916
118,PINELLAS,12103.0,2004,REPUBLICAN,225686.0,455357
119,POLK,12105.0,2004,REPUBLICAN,123559.0,210830
120,PUTNAM,12107.0,2004,REPUBLICAN,18311.0,30973
121,ST. JOHNS,12109.0,2004,REPUBLICAN,59196.0,86290
122,ST. LUCIE,12111.0,2004,DEMOCRAT,51835.0,100063
123,SANTA ROSA,12113.0,2004,REPUBLICAN,52059.0,67307
124,SARASOTA,12115.0,2004,REPUBLICAN,104692.0,195652
125,SEMINOLE,12117.0,2004,REPUBLICAN,108172.0,186195
126,SUMTER,12119.0,2004,REPUBLICAN,19800.0,31842
127,SUWANNEE,12121.0,2004,REPUBLICAN,11153.0,15802
128,TAYLOR,12123.0,2004,REPUBLICAN,5467.0,8581
129,UNION,12125.0,2004,REPUBLICAN,3396.0,4675
130,VOLUSIA,12127.0,2004,DEMOCRAT,115519.0,228939
131,WAKULLA,12129.0,2004,REPUBLICAN,6777.0,11763
132,WALTON,12131.0,2004,REPUBLICAN,17555.0,23976
133,WASHINGTON,12133.0,2004,REPUBLICAN,7369.0,10366
134,ALACHUA,12001.0,2008,DEMOCRAT,75565.0,125519
135,BAKER,12003.0,2008,REPUBLICAN,8672.0,11059
136,BAY,12005.0,2008,REPUBLICAN,56683.0,81127
137,BRADFORD,12007.0,2008,REPUBLICAN,8136.0,11676
138,BREVARD,12009.0,2008,REPUBLICAN,157589.0,287859
139,BROWARD,12011.0,2008,DEMOCRAT,492640.0,733899
140,CALHOUN,12013.0,2008,REPUBLICAN,4345.0,6244
141,CHARLOTTE,12015.0,2008,REPUBLICAN,45205.0,85158
142,CITRUS,12017.0,2008,REPUBLICAN,43706.0,76158
143,CLAY,12019.0,2008,REPUBLICAN,67203.0,94577
144,COLLIER,12021.0,2008,REPUBLICAN,86379.0,141988
145,COLUMBIA,12023.0,2008,REPUBLICAN,18670.0,28128
146,DESOTO,12027.0,2008,REPUBLICAN,5632.0,10131
147,DIXIE,12029.0,2008,REPUBLICAN,5194.0,7264
148,DUVAL,12031.0,2008,REPUBLICAN,210537.0,415761
149,ESCAMBIA,12033.0,2008,REPUBLICAN,91411.0,154447
150,FLAGLER,12035.0,2008,DEMOCRAT,24726.0,49031
151,FRANKLIN,12037.0,2008,REPUBLICAN,3818.0,6029
152,GADSDEN,12039.0,2008,DEMOCRAT,15582.0,22510
153,GILCHRIST,12041.0,2008,REPUBLICAN,5656.0,7819
154,GLADES,12043.0,2008,REPUBLICAN,2533.0,4261
155,GULF,12045.0,2008,REPUBLICAN,4980.0,7205
156,HAMILTON,12047.0,2008,REPUBLICAN,3179.0,5587
157,HARDEE,12049.0,2008,REPUBLICAN,4763.0,7412
158,HENDRY,12051.0,2008,REPUBLICAN,5780.0,10879
159,HERNANDO,12053.0,2008,REPUBLICAN,45021.0,87901
160,HIGHLANDS,12055.0,2008,REPUBLICAN,26221.0,44783
161,HILLSBOROUGH,12057.0,2008,DEMOCRAT,272963.0,513312
162,HOLMES,12059.0,2008,REPUBLICAN,7033.0,8589
163,INDIAN RIVER,12061.0,2008,REPUBLICAN,40176.0,70591
164,JACKSON,12063.0,2008,REPUBLICAN,13717.0,21565
165,JEFFERSON,12065.0,2008,DEMOCRAT,4088.0,7957
166,LAFAYETTE,12067.0,2008,REPUBLICAN,2679.0,3359
167,LAKE,12069.0,2008,REPUBLICAN,82802.0,146926
168,LEE,12071.0,2008,REPUBLICAN,147608.0,269276
169,LEON,12073.0,2008,DEMOCRAT,91747.0,148608
170,LEVY,12075.0,2008,REPUBLICAN,11754.0,18725
171,LIBERTY,12077.0,2008,REPUBLICAN,2339.0,3278
172,MADISON,12079.0,2008,REPUBLICAN,4544.0,8907
173,MANATEE,12081.0,2008,REPUBLICAN,80721.0,151994
174,MARION,12083.0,2008,REPUBLICAN,89628.0,162022
175,MARTIN,12085.0,2008,REPUBLICAN,44143.0,78294
176,MIAMI-DADE,12086.0,2008,DEMOCRAT,499831.0,863486
177,MONROE,12087.0,2008,DEMOCRAT,20907.0,40272
178,NASSAU,12089.0,2008,REPUBLICAN,27403.0,38304
179,OKALOOSA,12091.0,2008,REPUBLICAN,68789.0,95529
180,OKEECHOBEE,12093.0,2008,REPUBLICAN,7561.0,12786
181,ORANGE,12095.0,2008,DEMOCRAT,273009.0,462711
182,OSCEOLA,12097.0,2008,DEMOCRAT,59962.0,100670
183,PALM BEACH,12099.0,2008,DEMOCRAT,361271.0,590500
184,PASCO,12101.0,2008,REPUBLICAN,110104.0,214866
185,PINELLAS,12103.0,2008,DEMOCRAT,248299.0,463282
186,POLK,12105.0,2008,REPUBLICAN,128878.0,244833
187,PUTNAM,12107.0,2008,REPUBLICAN,19637.0,33171
188,ST. JOHNS,12109.0,2008,REPUBLICAN,69222.0,105844
189,ST. LUCIE,12111.0,2008,DEMOCRAT,67125.0,120579
190,SANTA ROSA,12113.0,2008,REPUBLICAN,55972.0,76185
191,SARASOTA,12115.0,2008,REPUBLICAN,102897.0,207353
192,SEMINOLE,12117.0,2008,REPUBLICAN,105070.0,205895
193,SUMTER,12119.0,2008,REPUBLICAN,30866.0,48868
194,SUWANNEE,12121.0,2008,REPUBLICAN,12534.0,17662
195,TAYLOR,12123.0,2008,REPUBLICAN,6457.0,9366
196,UNION,12125.0,2008,REPUBLICAN,3933.0,5285
197,VOLUSIA,12127.0,2008,DEMOCRAT,127795.0,243824
198,WAKULLA,12129.0,2008,REPUBLICAN,8877.0,14376
199,WALTON,12131.0,2008,REPUBLICAN,19561.0,27046
200,WASHINGTON,12133.0,2008,REPUBLICAN,8178.0,11131
201,ALACHUA,12001.0,2012,DEMOCRAT,69699.0,120418
202,BAKER,12003.0,2012,REPUBLICAN,8975.0,11368
203,BAY,12005.0,2012,REPUBLICAN,56876.0,79861
204,BRADFORD,12007.0,2012,REPUBLICAN,8219.0,11635
205,BREVARD,12009.0,2012,REPUBLICAN,159300.0,285559
206,BROWARD,12011.0,2012,DEMOCRAT,508312.0,756422
207,CALHOUN,12013.0,2012,REPUBLICAN,4366.0,6152
208,CHARLOTTE,12015.0,2012,REPUBLICAN,47996.0,84682
209,CITRUS,12017.0,2012,REPUBLICAN,44662.0,73935
210,CLAY,12019.0,2012,REPUBLICAN,70022.0,96589
211,COLLIER,12021.0,2012,REPUBLICAN,96520.0,149112
212,COLUMBIA,12023.0,2012,REPUBLICAN,18429.0,27163
213,DESOTO,12027.0,2012,REPUBLICAN,5587.0,9865
214,DIXIE,12029.0,2012,REPUBLICAN,5052.0,6941
215,DUVAL,12031.0,2012,REPUBLICAN,211615.0,411848
216,ESCAMBIA,12033.0,2012,REPUBLICAN,88711.0,148502
217,FLAGLER,12035.0,2012,REPUBLICAN,26969.0,50595
218,FRANKLIN,12037.0,2012,REPUBLICAN,3570.0,5474
219,GADSDEN,12039.0,2012,DEMOCRAT,15770.0,22499
220,GILCHRIST,12041.0,2012,REPUBLICAN,5917.0,7909
221,GLADES,12043.0,2012,REPUBLICAN,2344.0,3989
222,GULF,12045.0,2012,REPUBLICAN,4995.0,7108
223,HAMILTON,12047.0,2012,REPUBLICAN,3138.0,5407
224,HARDEE,12049.0,2012,REPUBLICAN,4696.0,7226
225,HENDRY,12051.0,2012,REPUBLICAN,5355.0,10185
226,HERNANDO,12053.0,2012,REPUBLICAN,44938.0,83667
227,HIGHLANDS,12055.0,2012,REPUBLICAN,25915.0,42444
228,HILLSBOROUGH,12057.0,2012,DEMOCRAT,286467.0,542102
229,HOLMES,12059.0,2012,REPUBLICAN,6919.0,8274
230,INDIAN RIVER,12061.0,2012,REPUBLICAN,43450.0,71464
231,JACKSON,12063.0,2012,REPUBLICAN,13418.0,20941
232,JEFFERSON,12065.0,2012,DEMOCRAT,3945.0,7808
233,LAFAYETTE,12067.0,2012,REPUBLICAN,2668.0,3399
234,LAKE,12069.0,2012,REPUBLICAN,87643.0,150811
235,LEE,12071.0,2012,REPUBLICAN,154163.0,266166
236,LEON,12073.0,2012,DEMOCRAT,90881.0,148353
237,LEVY,12075.0,2012,REPUBLICAN,12054.0,18399
238,LIBERTY,12077.0,2012,REPUBLICAN,2301.0,3284
239,MADISON,12079.0,2012,REPUBLICAN,4474.0,8715
240,MANATEE,12081.0,2012,REPUBLICAN,85627.0,153491
241,MARION,12083.0,2012,REPUBLICAN,93043.0,161385
242,MARTIN,12085.0,2012,REPUBLICAN,48183.0,78873
243,MIAMI-DADE,12086.0,2012,DEMOCRAT,541440.0,878314
244,MONROE,12087.0,2012,DEMOCRAT,19404.0,39057
245,NASSAU,12089.0,2012,REPUBLICAN,29929.0,40528
246,OKALOOSA,12091.0,2012,REPUBLICAN,70168.0,94798
247,OKEECHOBEE,12093.0,2012,REPUBLICAN,7328.0,12324
248,ORANGE,12095.0,2012,DEMOCRAT,273665.0,466359
249,OSCEOLA,12097.0,2012,DEMOCRAT,67239.0,108698
250,PALM BEACH,12099.0,2012,DEMOCRAT,349651.0,600721
251,PASCO,12101.0,2012,REPUBLICAN,112427.0,213573
252,PINELLAS,12103.0,2012,DEMOCRAT,239104.0,457702
253,POLK,12105.0,2012,REPUBLICAN,131577.0,248683
254,PUTNAM,12107.0,2012,REPUBLICAN,19326.0,31324
255,ST. JOHNS,12109.0,2012,REPUBLICAN,78513.0,114795
256,ST. LUCIE,12111.0,2012,DEMOCRAT,65869.0,123027
257,SANTA ROSA,12113.0,2012,REPUBLICAN,58186.0,76846
258,SARASOTA,12115.0,2012,REPUBLICAN,110504.0,207480
259,SEMINOLE,12117.0,2012,REPUBLICAN,109943.0,208620
260,SUMTER,12119.0,2012,REPUBLICAN,40646.0,60479
261,SUWANNEE,12121.0,2012,REPUBLICAN,12672.0,17629
262,TAYLOR,12123.0,2012,REPUBLICAN,6249.0,9120
263,UNION,12125.0,2012,REPUBLICAN,3980.0,5393
264,VOLUSIA,12127.0,2012,REPUBLICAN,117490.0,234536
265,WAKULLA,12129.0,2012,REPUBLICAN,9290.0,14660
266,WALTON,12131.0,2012,REPUBLICAN,21490.0,28494
267,WASHINGTON,12133.0,2012,REPUBLICAN,8038.0,10999
268,ALACHUA,12001.0,2016,DEMOCRAT,75820.0,128571
269,BAKER,12003.0,2016,REPUBLICAN,10294.0,12634
270,BAY,12005.0,2016,REPUBLICAN,62194.0,87453
271,BRADFORD,12007.0,2016,REPUBLICAN,8913.0,12098
272,BREVARD,12009.0,2016,REPUBLICAN,181848.0,314752
273,BROWARD,12011.0,2016,DEMOCRAT,553320.0,831951
274,CALHOUN,12013.0,2016,REPUBLICAN,4655.0,6081
275,CHARLOTTE,12015.0,2016,REPUBLICAN,60218.0,96374
276,CITRUS,12017.0,2016,REPUBLICAN,54456.0,79700
277,CLAY,12019.0,2016,REPUBLICAN,74963.0,106483
278,COLLIER,12021.0,2016,REPUBLICAN,105423.0,170789
279,COLUMBIA,12023.0,2016,REPUBLICAN,20368.0,28707
280,DESOTO,12027.0,2016,REPUBLICAN,6778.0,10818
281,DIXIE,12029.0,2016,REPUBLICAN,5822.0,7202
282,DUVAL,12031.0,2016,REPUBLICAN,211672.0,432695
283,ESCAMBIA,12033.0,2016,REPUBLICAN,88808.0,152469
284,FLAGLER,12035.0,2016,REPUBLICAN,33850.0,57503
285,FRANKLIN,12037.0,2016,REPUBLICAN,4125.0,6015
286,GADSDEN,12039.0,2016,DEMOCRAT,15020.0,22113
287,GILCHRIST,12041.0,2016,REPUBLICAN,6740.0,8420
288,GLADES,12043.0,2016,REPUBLICAN,2996.0,4353
289,GULF,12045.0,2016,REPUBLICAN,5329.0,7293
290,HAMILTON,12047.0,2016,REPUBLICAN,3443.0,5460
291,HARDEE,12049.0,2016,REPUBLICAN,5242.0,7583
292,HENDRY,12051.0,2016,REPUBLICAN,6195.0,11115
293,HERNANDO,12053.0,2016,REPUBLICAN,58970.0,93796
294,HIGHLANDS,12055.0,2016,REPUBLICAN,29565.0,45686
295,HILLSBOROUGH,12057.0,2016,DEMOCRAT,307896.0,597660
296,HOLMES,12059.0,2016,REPUBLICAN,7483.0,8514
297,INDIAN RIVER,12061.0,2016,REPUBLICAN,48620.0,80009
298,JACKSON,12063.0,2016,REPUBLICAN,14257.0,21041
299,JEFFERSON,12065.0,2016,REPUBLICAN,3930.0,7645
300,LAFAYETTE,12067.0,2016,REPUBLICAN,2809.0,3392
301,LAKE,12069.0,2016,REPUBLICAN,102188.0,170462
302,LEE,12071.0,2016,REPUBLICAN,191551.0,326420
303,LEON,12073.0,2016,DEMOCRAT,92068.0,152132
304,LEVY,12075.0,2016,REPUBLICAN,13775.0,19395
305,LIBERTY,12077.0,2016,REPUBLICAN,2543.0,3296
306,MADISON,12079.0,2016,REPUBLICAN,4851.0,8505
307,MANATEE,12081.0,2016,REPUBLICAN,101944.0,178958
308,MARION,12083.0,2016,REPUBLICAN,107833.0,174700
309,MARTIN,12085.0,2016,REPUBLICAN,53204.0,85792
310,MIAMI-DADE,12086.0,2016,DEMOCRAT,624146.0,980204
311,MONROE,12087.0,2016,REPUBLICAN,21904.0,42478
312,NASSAU,12089.0,2016,REPUBLICAN,34266.0,46607
313,OKALOOSA,12091.0,2016,REPUBLICAN,71893.0,100855
314,OKEECHOBEE,12093.0,2016,REPUBLICAN,9356.0,13653
315,ORANGE,12095.0,2016,DEMOCRAT,329894.0,546275
316,OSCEOLA,12097.0,2016,DEMOCRAT,85458.0,140206
317,PALM BEACH,12099.0,2016,DEMOCRAT,374673.0,662332
318,PASCO,12101.0,2016,REPUBLICAN,142101.0,241139
319,PINELLAS,12103.0,2016,REPUBLICAN,239201.0,492403
320,POLK,12105.0,2016,REPUBLICAN,157430.0,284314
321,PUTNAM,12107.0,2016,REPUBLICAN,22138.0,33117
322,ST. JOHNS,12109.0,2016,REPUBLICAN,88684.0,136514
323,ST. LUCIE,12111.0,2016,REPUBLICAN,70289.0,140847
324,SANTA ROSA,12113.0,2016,REPUBLICAN,65339.0,87745
325,SARASOTA,12115.0,2016,REPUBLICAN,124438.0,229063
326,SEMINOLE,12117.0,2016,REPUBLICAN,109443.0,224896
327,SUMTER,12119.0,2016,REPUBLICAN,52730.0,76665
328,SUWANNEE,12121.0,2016,REPUBLICAN,14287.0,18694
329,TAYLOR,12123.0,2016,REPUBLICAN,6930.0,9290
330,UNION,12125.0,2016,REPUBLICAN,4568.0,5694
331,VOLUSIA,12127.0,2016,REPUBLICAN,143007.0,260869
332,WAKULLA,12129.0,2016,REPUBLICAN,10512.0,15351
333,WALTON,12131.0,2016,REPUBLICAN,25756.0,33637
334,WASHINGTON,12133.0,2016,REPUBLICAN,8637.0,11156
335,ALACHUA,12001.0,2020,DEMOCRAT,89704.0,142604
336,BAKER,12003.0,2020,REPUBLICAN,11911.0,14059
337,BAY,12005.0,2020,REPUBLICAN,66097.0,93024
338,BRADFORD,12007.0,2020,REPUBLICAN,10334.0,13632
339,BREVARD,12009.0,2020,REPUBLICAN,207883.0,360764
340,BROWARD,12011.0,2020,DEMOCRAT,618752.0,957672
341,CALHOUN,12013.0,2020,REPUBLICAN,5274.0,6526
342,CHARLOTTE,12015.0,2020,REPUBLICAN,73243.0,116340
343,CITRUS,12017.0,2020,REPUBLICAN,65352.0,93208
344,CLAY,12019.0,2020,REPUBLICAN,84480.0,124405
345,COLLIER,12021.0,2020,REPUBLICAN,128950.0,207818
346,COLUMBIA,12023.0,2020,REPUBLICAN,23836.0,33042
347,DESOTO,12027.0,2020,REPUBLICAN,8313.0,12659
348,DIXIE,12029.0,2020,REPUBLICAN,6759.0,8167
349,DUVAL,12031.0,2020,DEMOCRAT,252556.0,492820
350,ESCAMBIA,12033.0,2020,REPUBLICAN,96674.0,170372
351,FLAGLER,12035.0,2020,REPUBLICAN,43043.0,71716
352,FRANKLIN,12037.0,2020,REPUBLICAN,4675.0,6849
353,GADSDEN,12039.0,2020,DEMOCRAT,16153.0,23762
354,GILCHRIST,12041.0,2020,REPUBLICAN,7895.0,9685
355,GLADES,12043.0,2020,REPUBLICAN,3782.0,5193
356,GULF,12045.0,2020,REPUBLICAN,6113.0,8163
357,HAMILTON,12047.0,2020,REPUBLICAN,3815.0,5830
358,HARDEE,12049.0,2020,REPUBLICAN,6122.0,8485
359,HENDRY,12051.0,2020,REPUBLICAN,7906.0,12940
360,HERNANDO,12053.0,2020,REPUBLICAN,70412.0,108922
361,HIGHLANDS,12055.0,2020,REPUBLICAN,34873.0,52170
362,HILLSBOROUGH,12057.0,2020,DEMOCRAT,376367.0,712063
363,HOLMES,12059.0,2020,REPUBLICAN,8080.0,9068
364,INDIAN RIVER,12061.0,2020,REPUBLICAN,58872.0,97484
365,JACKSON,12063.0,2020,REPUBLICAN,15488.0,22419
366,JEFFERSON,12065.0,2020,REPUBLICAN,4479.0,8451
367,LAFAYETTE,12067.0,2020,REPUBLICAN,3128.0,3658
368,LAKE,12069.0,2020,REPUBLICAN,125859.0,211314
369,LEE,12071.0,2020,REPUBLICAN,233247.0,393899
370,LEON,12073.0,2020,DEMOCRAT,103517.0,162929
371,LEVY,12075.0,2020,REPUBLICAN,16749.0,23145
372,LIBERTY,12077.0,2020,REPUBLICAN,2846.0,3561
373,MADISON,12079.0,2020,REPUBLICAN,5576.0,9380
374,MANATEE,12081.0,2020,REPUBLICAN,124987.0,216958
375,MARION,12083.0,2020,REPUBLICAN,127826.0,204376
376,MARTIN,12085.0,2020,REPUBLICAN,61168.0,98726
377,MIAMI-DADE,12086.0,2020,DEMOCRAT,617864.0,1156816
378,MONROE,12087.0,2020,REPUBLICAN,25693.0,48029
379,NASSAU,12089.0,2020,REPUBLICAN,42566.0,58811
380,OKALOOSA,12091.0,2020,REPUBLICAN,79798.0,116373
381,OKEECHOBEE,12093.0,2020,REPUBLICAN,11470.0,15954
382,ORANGE,12095.0,2020,DEMOCRAT,395014.0,647403
383,OSCEOLA,12097.0,2020,DEMOCRAT,97297.0,172436
384,PALM BEACH,12099.0,2020,DEMOCRAT,433572.0,773158
385,PASCO,12101.0,2020,REPUBLICAN,179621.0,301970
386,PINELLAS,12103.0,2020,DEMOCRAT,277450.0,559715
387,POLK,12105.0,2020,REPUBLICAN,194586.0,343256
388,PUTNAM,12107.0,2020,REPUBLICAN,25514.0,36373
389,ST. JOHNS,12109.0,2020,REPUBLICAN,110946.0,176622
390,ST. LUCIE,12111.0,2020,REPUBLICAN,86831.0,172169
391,SANTA ROSA,12113.0,2020,REPUBLICAN,77385.0,106928
392,SARASOTA,12115.0,2020,REPUBLICAN,148370.0,270575
393,SEMINOLE,12117.0,2020,DEMOCRAT,132528.0,260815
394,SUMTER,12119.0,2020,REPUBLICAN,62761.0,92485
395,SUWANNEE,12121.0,2020,REPUBLICAN,16410.0,21057
396,TAYLOR,12123.0,2020,REPUBLICAN,7751.0,10127
397,UNION,12125.0,2020,REPUBLICAN,5133.0,6245
398,VOLUSIA,12127.0,2020,REPUBLICAN,173821.0,307439
399,WAKULLA,12129.0,2020,REPUBLICAN,12874.0,18404
400,WALTON,12131.0,2020,REPUBLICAN,32947.0,43711
401,WASHINGTON,12133.0,2020,REPUBLICAN,9876.0,12327
402,ALACHUA,12001.0,2024,DEMOCRAT,81578.0,136548
403,BAKER,12003.0,2024,REPUBLICAN,12926.0,14977
404,BAY,12005.0,2024,REPUBLICAN,71497.0,97777
405,BRADFORD,12007.0,2024,REPUBLICAN,10920.0,13932
406,BREVARD,12009.0,2024,REPUBLICAN,216533.0,361449
407,BROWARD,12011.0,2024,DEMOCRAT,507328.0,874539
408,CALHOUN,12013.0,2024,REPUBLICAN,5367.0,6428
409,CHARLOTTE,12015.0,2024,REPUBLICAN,82480.0,123676
410,CITRUS,12017.0,2024,REPUBLICAN,71356.0,98237
411,CLAY,12019.0,2024,REPUBLICAN,87711.0,126811
412,COLLIER,12021.0,2024,REPUBLICAN,143267.0,216370
413,COLUMBIA,12023.0,2024,REPUBLICAN,25108.0,33592
414,DESOTO,12027.0,2024,REPUBLICAN,8888.0,12488
415,DIXIE,12029.0,2024,REPUBLICAN,6920.0,8148
416,DUVAL,12031.0,2024,REPUBLICAN,236285.0,471282
417,ESCAMBIA,12033.0,2024,REPUBLICAN,96407.0,162755
418,FLAGLER,12035.0,2024,REPUBLICAN,51014.0,79968
419,FRANKLIN,12037.0,2024,REPUBLICAN,4831.0,6758
420,GADSDEN,12039.0,2024,DEMOCRAT,14203.0,21868
421,GILCHRIST,12041.0,2024,REPUBLICAN,8931.0,10686
422,GLADES,12043.0,2024,REPUBLICAN,4034.0,5279
423,GULF,12045.0,2024,REPUBLICAN,6684.0,8697
424,HAMILTON,12047.0,2024,REPUBLICAN,3964.0,5733
425,HARDEE,12049.0,2024,REPUBLICAN,6336.0,8143
426,HENDRY,12051.0,2024,REPUBLICAN,9253.0,13460
427,HERNANDO,12053.0,2024,REPUBLICAN,75446.0,110691
428,HIGHLANDS,12055.0,2024,REPUBLICAN,36382.0,51905
429,HILLSBOROUGH,12057.0,2024,REPUBLICAN,342017.0,671993
430,HOLMES,12059.0,2024,REPUBLICAN,8193.0,9116
431,INDIAN RIVER,12061.0,2024,REPUBLICAN,62737.0,99017
432,JACKSON,12063.0,2024,REPUBLICAN,16074.0,22098
433,JEFFERSON,12065.0,2024,REPUBLICAN,5011.0,8502
434,LAFAYETTE,12067.0,2024,REPUBLICAN,3296.0,3756
435,LAKE,12069.0,2024,REPUBLICAN,140500.0,226788
436,LEE,12071.0,2024,REPUBLICAN,250661.0,392532
437,LEON,12073.0,2024,DEMOCRAT,94520.0,156802
438,LEVY,12075.0,2024,REPUBLICAN,18245.0,24378
439,LIBERTY,12077.0,2024,REPUBLICAN,2898.0,3490
440,MADISON,12079.0,2024,REPUBLICAN,5874.0,9156
441,MANATEE,12081.0,2024,REPUBLICAN,140486.0,228860
442,MARION,12083.0,2024,REPUBLICAN,140173.0,214106
443,MARTIN,12085.0,2024,REPUBLICAN,64121.0,98291
444,MIAMI-DADE,12086.0,2024,REPUBLICAN,605590.0,1094105
445,MONROE,12087.0,2024,REPUBLICAN,26064.0,44328
446,NASSAU,12089.0,2024,REPUBLICAN,47945.0,65625
447,OKALOOSA,12091.0,2024,REPUBLICAN,80309.0,113636
448,OKEECHOBEE,12093.0,2024,REPUBLICAN,12315.0,16058
449,ORANGE,12095.0,2024,DEMOCRAT,340807.0,607199
450,OSCEOLA,12097.0,2024,REPUBLICAN,86713.0,172780
451,PALM BEACH,12099.0,2024,DEMOCRAT,372512.0,745709
452,PASCO,12101.0,2024,REPUBLICAN,197779.0,318471
453,PINELLAS,12103.0,2024,REPUBLICAN,269472.0,517074
454,POLK,12105.0,2024,REPUBLICAN,209044.0,348931
455,PUTNAM,12107.0,2024,REPUBLICAN,26700.0,36272
456,ST. JOHNS,12109.0,2024,REPUBLICAN,128759.0,197457
457,ST. LUCIE,12111.0,2024,REPUBLICAN,100293.0,185131
458,SANTA ROSA,12113.0,2024,REPUBLICAN,84314.0,112425
459,SARASOTA,12115.0,2024,REPUBLICAN,163219.0,277866
460,SEMINOLE,12117.0,2024,REPUBLICAN,129735.0,253727
461,SUMTER,12119.0,2024,REPUBLICAN,72134.0,105218
462,SUWANNEE,12121.0,2024,REPUBLICAN,17561.0,21891
463,TAYLOR,12123.0,2024,REPUBLICAN,7954.0,9997
464,UNION,12125.0,2024,REPUBLICAN,5224.0,6231
465,VOLUSIA,12127.0,2024,REPUBLICAN,187691.0,310498
466,WAKULLA,12129.0,2024,REPUBLICAN,14246.0,19856
467,WALTON,12131.0,2024,REPUBLICAN,38970.0,49601
468,WASHINGTON,12133.0,2024,REPUBLICAN,10370.0,12584
